{"stats":{"minecraft:killed":{"minecraft:sheep":1},"minecraft:used":{"minecraft:white_wool":1,"minecraft:dirt":39,"minecraft:firework_rocket":244,"minecraft:elytra":1},"minecraft:custom":{"minecraft:time_since_rest":22148,"minecraft:open_chest":1,"minecraft:crouch_one_cm":281,"minecraft:sprint_one_cm":7785,"minecraft:play_time":23951,"minecraft:damage_taken":330,"minecraft:deaths":1,"minecraft:walk_one_cm":9215,"minecraft:sneak_time":528,"minecraft:walk_under_water_one_cm":80,"minecraft:mob_kills":1,"minecraft:aviate_one_cm":1835893,"minecraft:jump":164,"minecraft:damage_dealt":90,"minecraft:leave_game":5,"minecraft:time_since_death":21330,"minecraft:walk_on_water_one_cm":479,"minecraft:total_world_time":23951,"minecraft:swim_one_cm":1780,"minecraft:fall_one_cm":1060,"minecraft:fly_one_cm":360077},"minecraft:mined":{"minecraft:short_grass":1,"minecraft:grass_block":4,"minecraft:dirt":4,"minecraft:oak_leaves":2},"minecraft:picked_up":{"minecraft:rotten_flesh":2,"minecraft:mutton":1,"minecraft:dirt":8,"minecraft:white_wool":1},"minecraft:killed_by":{"minecraft:zombie":1}},"DataVersion":3953}