{"stats":{"minecraft:killed":{"minecraft:sheep":1},"minecraft:used":{"minecraft:white_wool":1,"minecraft:dirt":39,"minecraft:firework_rocket":200,"minecraft:elytra":1},"minecraft:custom":{"minecraft:time_since_rest":19363,"minecraft:open_chest":1,"minecraft:crouch_one_cm":281,"minecraft:sprint_one_cm":7015,"minecraft:play_time":21166,"minecraft:damage_taken":330,"minecraft:deaths":1,"minecraft:walk_one_cm":8704,"minecraft:sneak_time":486,"minecraft:walk_under_water_one_cm":24,"minecraft:mob_kills":1,"minecraft:aviate_one_cm":1569932,"minecraft:jump":147,"minecraft:damage_dealt":90,"minecraft:leave_game":4,"minecraft:time_since_death":18545,"minecraft:walk_on_water_one_cm":404,"minecraft:total_world_time":21166,"minecraft:swim_one_cm":1136,"minecraft:fall_one_cm":1060,"minecraft:fly_one_cm":357551},"minecraft:mined":{"minecraft:short_grass":1,"minecraft:grass_block":4,"minecraft:dirt":4,"minecraft:oak_leaves":2},"minecraft:picked_up":{"minecraft:rotten_flesh":2,"minecraft:mutton":1,"minecraft:dirt":8,"minecraft:white_wool":1},"minecraft:killed_by":{"minecraft:zombie":1}},"DataVersion":3953}