{"stats":{"minecraft:used":{"minecraft:dirt":4},"minecraft:custom":{"minecraft:jump":12,"minecraft:time_since_rest":871,"minecraft:leave_game":1,"minecraft:crouch_one_cm":18,"minecraft:deaths":1,"minecraft:play_time":2674,"minecraft:damage_taken":270,"minecraft:time_since_death":53,"minecraft:walk_one_cm":1578,"minecraft:sneak_time":29,"minecraft:total_world_time":2674,"minecraft:fly_one_cm":236},"minecraft:mined":{"minecraft:grass_block":4,"minecraft:oak_leaves":2,"minecraft:dirt":1},"minecraft:picked_up":{"minecraft:dirt":5},"minecraft:killed_by":{"minecraft:zombie":1}},"DataVersion":3953}