{"stats":{"minecraft:killed":{"minecraft:sheep":1},"minecraft:used":{"minecraft:white_wool":1,"minecraft:dirt":18,"minecraft:firework_rocket":131,"minecraft:elytra":1},"minecraft:custom":{"minecraft:open_chest":1,"minecraft:time_since_rest":15491,"minecraft:crouch_one_cm":269,"minecraft:play_time":17294,"minecraft:sprint_one_cm":5527,"minecraft:deaths":1,"minecraft:damage_taken":330,"minecraft:walk_one_cm":6433,"minecraft:walk_under_water_one_cm":24,"minecraft:sneak_time":480,"minecraft:mob_kills":1,"minecraft:aviate_one_cm":1069326,"minecraft:jump":103,"minecraft:damage_dealt":90,"minecraft:leave_game":1,"minecraft:walk_on_water_one_cm":404,"minecraft:time_since_death":14673,"minecraft:total_world_time":17294,"minecraft:swim_one_cm":1136,"minecraft:fall_one_cm":1060,"minecraft:fly_one_cm":329331},"minecraft:mined":{"minecraft:short_grass":1,"minecraft:grass_block":4,"minecraft:dirt":4,"minecraft:oak_leaves":2},"minecraft:picked_up":{"minecraft:rotten_flesh":2,"minecraft:mutton":1,"minecraft:white_wool":1,"minecraft:dirt":8},"minecraft:killed_by":{"minecraft:zombie":1}},"DataVersion":3953}