{"stats":{"minecraft:crafted":{"minecraft:wooden_sword":1,"minecraft:oak_planks":32,"minecraft:crafting_table":1,"minecraft:stick":4},"minecraft:picked_up":{"minecraft:oak_log":8,"minecraft:dirt":4},"minecraft:used":{"minecraft:dirt":4,"minecraft:crafting_table":1},"minecraft:mined":{"minecraft:grass_block":1,"minecraft:oak_log":8,"minecraft:dirt":3,"minecraft:oak_leaves":1,"minecraft:fern":1},"minecraft:custom":{"minecraft:time_since_rest":6568,"minecraft:play_time":6568,"minecraft:sprint_one_cm":15738,"minecraft:damage_taken":125,"minecraft:walk_one_cm":6197,"minecraft:jump":67,"minecraft:damage_dealt":20,"minecraft:leave_game":1,"minecraft:time_since_death":6568,"minecraft:total_world_time":6568,"minecraft:fly_one_cm":8603,"minecraft:interact_with_crafting_table":1,"minecraft:fall_one_cm":2051}},"DataVersion":3953}